id,age,study_hours,attendance,previous_score,sleep_hours,homework_hours,extracurricular,parent_education,internet_access,final_score
1,14,2.9,97.8,75.8,9.3,4.5,No,Master,Yes,100
2,18,3.8,55.1,40.1,5.9,0.9,Yes,Master,Yes,74.7
3,16,2.1,66.3,96.7,9.1,4.1,Yes,Master,Yes,100
4,15,7.1,86.7,71.4,4.6,3.7,No,Bachelor,Yes,100
5,18,4.7,94.0,61.8,8.5,4.4,No,Bachelor,Yes,100
6,17,4.3,91.2,71.3,8.3,4.2,Yes,Master,Yes,100
7,15,4.1,65.3,90.8,7.6,2.6,No,Master,No,100
8,17,5.5,68.8,85.4,7.0,2.7,No,Bachelor,Yes,100
9,16,0.6,61.7,90.6,9.3,4.1,No,Bachelor,Yes,96.8
10,17,6.6,80.1,92.2,8.7,1.9,Yes,Bachelor,Yes,100
11,18,2.4,96.5,46.5,6.6,3.8,Yes,Bachelor,No,90.0
12,17,1.6,96.2,40.8,6.8,3.0,Yes,Bachelor,Yes,88.9
13,14,5.2,88.8,95.3,7.8,3.4,Yes,High School,Yes,100
14,17,5.7,97.2,69.4,6.9,1.1,No,High School,Yes,100
15,15,6.4,96.2,54.3,6.6,4.1,Yes,Bachelor,No,100
16,16,5.3,97.1,94.5,4.6,2.6,No,Bachelor,No,100
17,17,7.6,80.7,85.7,5.3,2.8,No,Bachelor,Yes,100
18,18,3.5,63.8,93.1,4.7,3.0,Yes,Bachelor,Yes,100
19,15,4.1,85.5,36.3,7.7,1.5,Yes,High School,Yes,85.6
20,17,7.0,72.2,46.8,5.4,2.6,No,Bachelor,Yes,100
21,18,4.1,60.4,85.2,8.5,4.2,Yes,High School,No,100
22,17,4.6,92.5,88.3,5.4,0.6,Yes,Bachelor,Yes,100
23,18,2.1,82.9,52.7,8.3,3.8,No,Bachelor,Yes,98.1
24,14,7.7,62.7,78.1,8.3,3.8,Yes,Bachelor,Yes,100
25,16,2.6,92.7,53.3,6.1,1.7,Yes,High School,Yes,93.7
26,14,0.9,65.6,54.5,5.0,3.0,No,Bachelor,Yes,77.5
27,18,0.8,73.2,73.3,7.5,2.4,Yes,Bachelor,Yes,86.7
28,17,2.7,91.8,38.6,8.1,4.5,No,Bachelor,Yes,81.5
29,14,2.7,73.7,71.9,4.6,4.8,Yes,Bachelor,Yes,100
30,14,0.8,78.5,72.6,9.4,1.9,No,Bachelor,Yes,96.4
31,17,3.3,89.9,76.7,8.4,1.3,Yes,Bachelor,No,100
32,16,6.4,65.3,36.0,7.2,2.4,No,High School,Yes,89.7
33,14,6.8,79.9,76.0,9.3,2.8,No,Bachelor,Yes,100
34,14,5.2,65.9,38.7,5.6,2.8,Yes,Master,No,90.8
35,17,5.8,71.2,84.8,7.3,1.7,Yes,Bachelor,Yes,100
36,18,2.8,62.1,60.9,6.9,0.5,No,Master,Yes,90.2
37,17,6.5,83.8,40.3,6.4,3.8,Yes,Master,Yes,100
38,18,2.8,57.0,59.8,7.2,4.9,Yes,PhD,Yes,93.2
39,15,6.0,70.0,51.5,4.7,3.2,Yes,High School,Yes,95.5
40,17,1.9,88.6,35.6,7.5,2.7,No,Bachelor,Yes,81.7
41,18,1.8,78.2,46.3,7.2,1.2,Yes,Bachelor,No,81.9
42,16,1.0,68.6,68.5,7.5,1.6,Yes,PhD,Yes,89.5
43,14,3.4,82.8,75.8,6.2,4.6,Yes,Bachelor,Yes,100
44,18,3.1,58.1,96.5,8.5,4.0,No,Master,Yes,100
45,16,3.7,80.3,55.3,9.0,3.5,No,Bachelor,Yes,100
46,16,6.2,70.8,87.4,7.4,1.5,No,Master,Yes,100
47,15,3.7,69.8,42.4,5.8,4.4,No,High School,Yes,90.3
48,18,6.3,67.1,71.2,7.7,2.3,No,Bachelor,Yes,100
49,17,7.3,93.1,95.0,7.8,3.0,Yes,Bachelor,Yes,100
50,15,0.6,80.2,50.9,6.2,3.4,No,Master,Yes,84.9
51,17,3.0,56.7,48.9,5.1,4.3,No,Bachelor,Yes,88.0
52,18,5.2,58.6,78.6,7.2,0.6,Yes,High School,No,96.6
53,17,2.0,85.3,79.4,4.9,2.4,Yes,High School,Yes,94.2
54,18,7.9,99.5,92.4,7.8,2.0,No,Bachelor,Yes,100
55,17,7.1,92.8,37.3,7.0,0.6,No,Bachelor,Yes,100
56,17,2.8,81.2,86.3,8.8,3.8,No,PhD,Yes,100
57,18,7.8,81.8,65.8,7.8,2.1,Yes,PhD,Yes,100
58,18,4.4,72.2,41.7,7.5,1.5,No,High School,Yes,92.1
59,18,1.4,64.5,89.3,8.4,3.7,Yes,Bachelor,Yes,94.0
60,17,4.5,87.7,46.9,7.5,3.7,Yes,Master,Yes,100
61,18,1.0,85.0,37.2,8.4,4.7,Yes,High School,No,82.2
62,15,1.9,57.4,46.7,5.3,3.4,No,Master,No,77.6
63,16,2.2,71.4,69.2,6.8,3.9,Yes,Master,Yes,92.4
64,14,1.2,81.4,79.4,8.6,1.7,Yes,High School,Yes,95.6
65,14,3.7,74.5,87.5,5.4,1.5,No,High School,Yes,100
66,17,3.9,71.3,48.2,6.0,3.8,No,High School,No,90.3
67,15,1.4,58.5,80.0,7.6,1.2,Yes,High School,Yes,100
68,17,0.7,98.7,75.8,9.1,4.1,No,Master,Yes,93.9
69,17,4.4,94.9,87.9,6.9,1.1,Yes,Bachelor,No,100
70,18,0.9,86.4,70.3,8.3,4.9,Yes,Bachelor,Yes,100
71,18,6.7,97.6,86.3,6.0,0.9,Yes,High School,No,100
72,18,7.7,82.6,69.1,5.3,1.9,Yes,High School,Yes,100
73,18,7.0,55.8,37.9,9.4,3.9,Yes,Master,Yes,100
74,17,2.3,87.3,64.5,5.7,1.6,No,Bachelor,Yes,94.3
75,18,1.9,63.5,42.2,6.9,2.2,Yes,Bachelor,Yes,79.7
76,15,2.7,93.7,54.8,8.3,4.4,Yes,Bachelor,Yes,94.1
77,15,7.6,60.5,58.2,5.6,0.8,Yes,Bachelor,Yes,100
78,17,3.5,55.3,47.4,5.8,4.1,No,Master,Yes,80.5
79,15,7.5,56.6,79.5,7.7,3.7,Yes,Master,Yes,100
80,17,6.8,78.2,93.8,9.3,4.6,Yes,Bachelor,No,100
81,14,2.7,62.6,39.1,5.5,1.8,Yes,Bachelor,Yes,86.0
82,15,4.6,78.3,69.0,7.0,0.7,No,High School,Yes,94.3
83,14,2.3,55.7,59.3,4.9,3.5,Yes,High School,Yes,88.9
84,17,2.6,84.1,45.6,5.0,2.0,Yes,PhD,Yes,96.0
85,18,6.3,92.0,64.9,8.0,3.6,No,High School,Yes,100
86,14,7.7,77.4,61.4,7.3,2.8,No,High School,Yes,100
87,14,5.4,65.7,58.8,5.7,1.9,Yes,Bachelor,Yes,100
88,15,5.9,81.5,50.3,6.9,4.7,No,High School,Yes,100
89,18,4.5,61.6,94.2,4.6,3.2,Yes,Bachelor,Yes,100
90,15,6.7,75.0,39.3,6.4,1.7,No,Master,Yes,99.8
91,16,3.8,83.0,64.6,8.8,4.2,Yes,Bachelor,Yes,100
92,17,2.2,86.2,55.5,8.5,1.5,Yes,Bachelor,Yes,99.5
93,17,2.1,79.7,92.5,7.2,2.2,No,Bachelor,No,100
94,14,6.0,92.1,53.9,8.7,3.5,Yes,Bachelor,Yes,100
95,17,5.6,82.5,81.5,8.5,2.8,No,Master,Yes,100
96,18,2.6,84.9,95.3,7.0,4.2,No,Master,Yes,100
97,14,3.7,74.3,74.2,9.0,4.3,Yes,Bachelor,Yes,100
98,14,1.3,64.7,65.9,6.5,5.0,Yes,Bachelor,Yes,84.8
99,14,4.6,99.2,42.4,6.5,2.6,No,Bachelor,No,92.6
100,16,2.8,55.2,91.1,8.3,3.5,No,Bachelor,Yes,100
101,14,6.7,63.6,85.3,8.8,2.0,Yes,High School,Yes,100
102,14,7.4,79.8,96.8,8.3,1.1,Yes,Bachelor,Yes,100
103,14,3.8,57.8,65.0,8.2,5.0,No,High School,Yes,99.6
104,15,3.7,70.8,45.6,8.8,3.2,No,Bachelor,Yes,99.1
105,14,5.7,71.4,82.4,6.6,3.4,No,Bachelor,Yes,100
106,18,4.4,78.7,50.9,7.3,1.6,No,Bachelor,Yes,91.6
107,16,2.1,97.0,80.9,6.7,2.1,No,PhD,Yes,100
108,15,5.0,70.2,55.0,9.1,3.4,No,Bachelor,Yes,99.7
109,17,5.1,85.4,96.5,8.8,5.0,No,Bachelor,Yes,100
110,17,6.0,90.7,84.3,4.6,2.4,Yes,Bachelor,Yes,100
111,16,4.6,79.5,38.4,8.3,2.4,No,Bachelor,Yes,93.2
112,15,0.9,65.3,38.1,6.3,4.4,No,High School,Yes,75.4
113,18,5.2,57.4,43.0,8.9,1.5,Yes,Master,Yes,100
114,17,0.8,74.8,87.5,8.2,3.9,No,Bachelor,Yes,100
115,17,1.9,57.3,54.6,5.8,4.7,Yes,Bachelor,Yes,99.2
116,17,6.7,74.8,75.1,8.4,1.8,Yes,Master,Yes,100
117,16,7.7,75.8,74.1,5.5,1.2,No,High School,Yes,100
118,17,7.8,93.6,35.6,7.4,0.9,Yes,High School,Yes,100
119,16,4.5,60.0,69.2,7.9,2.6,No,Master,Yes,100
120,16,5.6,72.6,72.0,6.9,1.4,Yes,PhD,Yes,100
121,18,1.5,99.7,85.3,8.5,0.7,No,Master,Yes,100
122,14,7.4,61.8,63.6,8.9,4.8,Yes,High School,Yes,100
123,17,1.0,69.2,53.8,9.4,3.7,Yes,Master,Yes,79.8
124,15,7.5,55.5,97.0,5.5,3.3,No,High School,Yes,100
125,18,6.8,85.7,69.1,7.6,0.7,No,PhD,Yes,100
126,16,7.1,64.1,94.1,7.3,2.9,No,Bachelor,Yes,100
127,14,3.8,97.0,38.3,7.5,2.6,No,Bachelor,Yes,90.2
128,14,2.5,65.9,49.2,5.5,4.9,No,PhD,Yes,86.0
129,14,6.1,78.7,57.1,6.5,4.1,Yes,Master,Yes,100
130,17,2.6,92.0,70.0,5.5,2.3,No,Master,Yes,100
131,18,4.8,86.7,65.9,8.4,4.9,Yes,Master,Yes,100
132,14,6.9,88.3,46.8,6.8,1.5,Yes,PhD,Yes,100
133,17,6.8,56.9,52.3,9.3,4.5,No,Bachelor,Yes,100
134,17,3.0,91.4,82.9,8.9,2.8,No,Bachelor,Yes,100
135,16,1.4,57.5,89.5,5.7,2.0,No,PhD,Yes,94.4
136,16,7.3,80.5,52.2,6.9,2.6,Yes,Master,Yes,100
137,16,3.5,63.1,95.7,7.6,2.3,Yes,Master,Yes,100
138,14,5.2,83.6,36.2,6.9,4.0,Yes,Bachelor,Yes,98.8
139,18,1.7,64.0,48.8,6.4,0.6,Yes,Bachelor,No,70.3
140,14,7.2,98.5,60.2,4.9,1.0,No,High School,Yes,100
141,14,1.9,66.0,50.1,4.7,4.3,Yes,Bachelor,Yes,88.5
142,15,6.2,98.4,90.2,7.0,2.0,No,High School,Yes,100
143,14,1.1,99.9,61.4,4.7,3.7,Yes,Master,Yes,92.6
144,16,6.4,82.2,45.9,8.1,1.3,Yes,Master,No,100
145,15,4.2,92.8,97.4,7.9,1.0,No,High School,Yes,100
146,18,5.0,96.2,97.1,9.1,3.5,No,Master,Yes,100
147,18,7.3,57.5,59.9,9.3,4.2,Yes,Bachelor,Yes,100
148,16,4.9,63.8,69.6,5.0,1.7,No,Master,No,96.7
149,15,3.3,65.1,97.1,9.5,2.3,Yes,Bachelor,Yes,100
150,18,6.4,62.8,68.2,9.0,4.7,No,High School,Yes,100
151,16,1.5,62.3,49.1,6.8,4.9,No,High School,Yes,85.9
152,18,4.9,80.0,35.7,5.1,1.0,Yes,Master,Yes,90.1
153,15,3.1,63.0,72.3,8.9,2.5,Yes,PhD,Yes,100
154,17,3.5,56.5,67.2,5.0,4.3,No,Bachelor,Yes,92.4
155,15,4.5,70.5,38.8,4.7,1.2,Yes,Bachelor,No,83.8
156,16,2.0,65.0,65.9,8.4,4.4,No,High School,Yes,88.9
157,16,1.4,87.9,96.8,4.8,1.4,No,PhD,Yes,100
158,14,7.7,60.6,83.0,8.8,1.5,No,High School,Yes,100
159,16,0.8,93.9,76.3,9.4,0.6,Yes,Bachelor,Yes,94.5
160,14,1.6,70.8,44.9,6.3,1.2,No,PhD,Yes,80.6
161,16,4.5,61.2,76.1,8.6,4.1,Yes,Bachelor,Yes,100
162,15,7.9,73.1,75.1,8.6,2.2,Yes,Master,No,100
163,15,1.9,97.4,79.2,8.5,4.5,No,High School,Yes,100
164,17,3.5,68.0,35.8,6.0,1.3,No,Bachelor,Yes,78.8
165,15,2.4,89.0,62.1,8.7,0.8,Yes,Bachelor,No,89.9
166,16,6.0,75.0,60.3,5.9,5.0,No,High School,Yes,100
167,17,5.9,84.8,56.5,5.9,2.3,No,High School,Yes,100
168,15,2.2,77.9,93.4,8.7,3.2,No,Bachelor,Yes,100
169,14,0.6,89.1,72.8,5.9,1.8,No,Master,Yes,90.5
170,16,3.6,66.0,88.8,5.1,2.4,Yes,Bachelor,Yes,100
171,18,7.6,70.9,60.8,6.0,0.8,Yes,High School,No,100
172,15,0.8,83.2,90.8,6.5,2.0,No,High School,Yes,100
173,18,4.4,90.4,60.7,4.6,1.3,Yes,High School,Yes,85.9
174,17,7.7,61.5,73.9,5.8,1.3,No,Bachelor,Yes,100
175,17,6.0,91.5,52.4,5.8,0.8,No,Master,Yes,100
176,15,1.7,64.3,62.2,6.9,2.5,Yes,High School,Yes,85.2
177,16,6.8,64.7,97.7,9.5,1.8,No,Bachelor,Yes,100
178,18,4.8,90.9,48.6,4.9,3.8,No,Bachelor,No,96.9
179,15,7.8,62.5,87.6,5.6,1.3,Yes,High School,Yes,100
180,16,5.5,95.2,77.2,7.7,4.0,No,High School,Yes,100
181,17,2.7,70.1,95.3,7.0,2.8,No,High School,Yes,100
182,17,6.9,56.6,61.9,8.1,1.9,Yes,High School,Yes,100
183,16,3.6,92.3,71.1,9.3,4.3,No,Bachelor,Yes,100
184,16,5.8,69.6,92.0,7.2,4.9,Yes,High School,Yes,100
185,16,3.7,66.6,78.0,7.3,4.2,No,Bachelor,No,96.8
186,18,3.7,96.4,36.0,4.8,3.1,No,Master,No,83.7
187,16,2.8,57.9,41.4,6.3,2.7,Yes,Bachelor,Yes,82.9
188,15,3.1,80.7,82.0,8.8,3.2,Yes,PhD,Yes,100
189,18,5.3,83.1,91.7,4.8,3.1,No,High School,Yes,100
190,15,2.1,72.2,70.7,6.7,1.9,Yes,Bachelor,Yes,97.0
191,16,1.6,75.8,51.7,8.1,0.6,No,PhD,Yes,83.7
192,18,6.9,96.1,82.2,8.4,3.9,Yes,Bachelor,Yes,100
193,17,1.1,78.4,96.5,8.0,1.7,No,Bachelor,Yes,96.0
194,17,4.9,67.9,61.1,6.4,3.3,Yes,Bachelor,Yes,100
195,15,1.1,82.5,92.4,9.1,1.5,Yes,Bachelor,Yes,99.2
196,18,4.4,73.2,70.7,7.2,1.9,No,High School,Yes,100
197,14,7.3,65.4,97.2,5.8,4.9,No,Bachelor,Yes,100
198,16,1.9,81.3,88.9,6.3,1.7,No,PhD,Yes,100
199,14,6.0,96.6,57.0,6.7,1.0,No,High School,Yes,100
200,14,1.8,61.6,96.8,9.2,1.3,No,Bachelor,Yes,96.1
201,16,6.7,56.0,44.9,6.3,3.3,No,Bachelor,Yes,94.7
202,18,2.4,80.9,95.6,8.4,1.0,No,Bachelor,No,100
203,16,2.9,70.2,62.0,8.2,2.1,No,Bachelor,Yes,99.3
204,17,4.2,79.3,80.6,7.0,1.3,No,Master,Yes,97.6
205,16,7.1,75.5,65.8,5.8,4.5,Yes,Bachelor,Yes,100
206,14,4.8,74.9,87.5,7.6,1.4,No,Bachelor,Yes,100
207,18,0.8,91.7,64.4,9.4,4.1,No,Bachelor,Yes,100
208,17,4.9,80.9,92.9,5.6,3.8,Yes,High School,Yes,100
209,17,7.0,67.6,83.4,9.4,1.7,No,Master,Yes,100
210,18,3.9,73.2,65.3,8.5,3.6,No,Bachelor,Yes,99.7
211,17,2.0,65.1,45.4,8.3,2.2,No,Bachelor,Yes,81.9
212,14,2.7,92.1,71.0,6.6,1.3,Yes,Bachelor,No,94.0
213,15,6.7,98.0,87.3,5.5,3.1,Yes,Master,Yes,100
214,16,6.5,67.7,82.5,6.0,4.0,No,PhD,Yes,100
215,15,6.9,76.2,96.6,6.3,4.8,Yes,Master,Yes,100
216,14,1.1,85.5,84.7,8.1,1.3,No,Bachelor,Yes,93.1
217,18,7.4,63.0,86.0,4.7,3.7,Yes,Bachelor,Yes,100
218,17,0.6,70.6,96.2,7.7,1.5,Yes,PhD,Yes,100
219,17,1.0,92.1,55.6,6.3,2.0,Yes,Master,Yes,87.3
220,15,0.9,89.0,44.4,8.1,1.7,Yes,Bachelor,Yes,89.0
221,15,2.3,91.1,48.2,8.5,2.0,Yes,Bachelor,Yes,89.3
222,17,3.3,65.5,55.8,7.3,1.6,No,Bachelor,Yes,87.9
223,16,1.1,98.2,70.6,9.0,4.1,No,Bachelor,Yes,97.4
224,18,1.2,57.0,81.7,8.1,0.9,Yes,Bachelor,Yes,89.2
225,14,5.4,75.1,44.0,9.1,2.8,No,Bachelor,Yes,100
226,14,7.8,91.2,69.9,8.4,4.4,No,Bachelor,Yes,100
227,15,4.9,80.1,94.1,5.4,2.0,No,Bachelor,Yes,100
228,14,4.3,80.6,68.9,9.3,2.5,Yes,High School,Yes,100
229,16,3.0,77.2,96.3,6.6,3.0,Yes,Bachelor,Yes,100
230,17,1.7,59.0,78.2,5.2,2.0,Yes,PhD,Yes,100
231,14,3.5,84.1,65.5,6.7,4.1,Yes,PhD,Yes,95.0
232,14,4.4,77.9,56.9,8.4,4.0,Yes,Master,Yes,100
233,14,7.8,75.1,37.3,5.0,4.8,No,Bachelor,Yes,100
234,14,3.5,72.0,65.4,6.4,4.6,No,Bachelor,No,98.5
235,15,4.2,77.7,76.9,9.1,2.6,No,Master,Yes,100
236,15,1.9,69.1,79.5,6.6,3.7,Yes,High School,Yes,100
237,15,7.5,70.0,82.0,5.9,2.0,No,Bachelor,Yes,100
238,16,6.2,89.1,61.6,7.8,3.6,Yes,High School,Yes,100
239,16,2.4,59.3,93.5,5.1,2.8,Yes,High School,Yes,100
240,16,0.6,88.5,75.3,7.4,2.2,Yes,High School,Yes,94.3
241,17,0.7,77.6,82.6,5.8,4.8,Yes,PhD,Yes,100
242,17,3.1,91.0,90.8,9.2,3.6,No,Bachelor,Yes,100
243,17,2.9,74.8,82.4,5.1,2.4,Yes,High School,Yes,100
244,17,3.4,63.4,72.6,5.5,2.5,No,Bachelor,Yes,99.4
245,17,1.0,72.0,76.4,8.3,0.8,No,Bachelor,Yes,82.9
246,14,5.1,81.9,86.0,9.2,2.6,No,Bachelor,Yes,100
247,15,1.5,71.1,75.4,4.6,1.6,Yes,PhD,Yes,86.8
248,18,0.7,91.4,45.1,8.5,3.2,No,PhD,Yes,79.7
249,18,6.3,77.3,91.0,5.8,0.6,Yes,Bachelor,Yes,100
250,15,4.5,74.0,48.6,5.1,3.2,Yes,Bachelor,Yes,97.9
251,17,7.8,92.0,80.7,6.9,0.7,No,Bachelor,Yes,100
252,15,7.7,86.5,53.1,5.4,3.5,Yes,Bachelor,No,100
253,17,2.7,88.3,71.1,8.7,3.0,No,Bachelor,Yes,100
254,14,5.2,98.9,82.3,4.9,4.5,No,Bachelor,Yes,100
255,15,2.7,79.9,86.2,5.3,0.9,Yes,Bachelor,Yes,91.8
256,14,6.1,99.7,96.2,4.9,0.6,Yes,High School,No,100
257,15,2.6,78.1,58.1,4.7,2.1,Yes,Master,Yes,97.4
258,17,7.4,71.7,54.4,7.2,2.9,Yes,Bachelor,Yes,97.9
259,14,0.8,98.8,43.4,7.6,3.8,Yes,Bachelor,Yes,93.1
260,17,1.1,95.1,66.3,6.6,4.5,No,Master,No,95.0
261,15,0.8,67.0,88.9,5.7,4.7,Yes,Bachelor,Yes,100
262,16,7.0,63.5,60.1,8.8,0.6,Yes,Master,Yes,100
263,14,5.7,72.3,62.0,5.2,0.5,No,PhD,No,93.4
264,15,4.6,69.9,87.1,7.0,3.9,Yes,High School,Yes,100
265,17,3.6,60.8,91.2,6.3,1.1,Yes,High School,Yes,100
266,17,5.4,93.2,45.9,5.5,4.1,No,Master,No,100
267,18,2.3,61.1,41.2,9.4,3.9,Yes,High School,Yes,83.4
268,14,1.8,68.2,73.4,9.5,1.9,Yes,Master,Yes,96.3
269,15,2.9,76.3,64.7,5.0,4.7,Yes,Master,Yes,91.5
270,18,4.9,93.8,42.7,7.6,3.7,Yes,High School,Yes,100
271,16,1.6,60.3,76.2,8.4,4.0,No,Bachelor,Yes,91.4
272,14,1.3,69.4,60.8,5.4,4.4,Yes,High School,Yes,86.3
273,14,7.7,87.7,91.1,8.9,3.0,No,Bachelor,Yes,100
274,14,5.2,77.0,67.8,5.4,4.2,Yes,Master,Yes,100
275,16,2.2,99.7,54.4,7.6,4.3,Yes,Bachelor,Yes,100
276,18,2.5,90.9,76.3,4.7,4.4,Yes,Master,Yes,100
277,18,1.0,78.6,56.7,8.9,2.0,Yes,High School,Yes,82.0
278,15,0.9,66.1,53.6,7.1,1.2,Yes,Bachelor,Yes,77.4
279,17,2.6,71.4,53.8,6.9,2.5,No,High School,Yes,78.0
280,14,0.9,99.8,36.2,8.8,2.0,Yes,High School,No,89.7
281,14,5.9,84.0,56.7,5.6,3.2,Yes,High School,Yes,100
282,17,1.8,68.6,55.1,7.4,3.1,Yes,Bachelor,Yes,86.8
283,15,5.4,90.4,40.8,7.4,0.6,Yes,Bachelor,Yes,100
284,18,3.7,69.8,48.0,4.7,2.2,No,Master,Yes,89.9
285,15,6.7,82.1,94.3,6.4,2.1,No,Bachelor,Yes,100
286,14,3.9,67.4,53.6,9.1,1.0,Yes,Bachelor,Yes,91.9
287,15,5.8,69.4,65.5,8.5,4.9,Yes,Bachelor,Yes,100
288,15,2.7,67.3,48.8,5.3,4.5,No,PhD,Yes,85.9
289,17,3.8,97.6,52.1,8.5,2.1,No,Master,Yes,97.3
290,14,0.8,87.8,96.6,4.7,2.0,Yes,High School,No,100
291,14,4.5,70.3,89.2,7.6,3.3,Yes,High School,Yes,100
292,16,3.7,61.8,61.0,9.3,2.0,No,High School,Yes,100
293,16,1.3,90.6,75.8,5.1,2.6,No,High School,Yes,83.5
294,17,0.9,65.8,74.9,7.4,3.2,No,Bachelor,Yes,97.0
295,16,4.6,63.6,94.7,7.1,4.2,Yes,Bachelor,Yes,100
296,16,3.4,89.6,48.1,8.8,3.1,Yes,Master,Yes,99.0
297,17,7.1,87.9,79.1,6.4,3.6,Yes,High School,Yes,100
298,14,7.1,62.6,74.2,7.2,1.7,No,Bachelor,Yes,100
299,15,6.3,70.0,46.8,6.2,4.9,Yes,Master,Yes,100
300,15,1.3,82.7,41.3,4.8,3.1,Yes,Master,Yes,77.0
301,16,7.4,61.4,92.2,9.5,0.9,No,Master,Yes,100
302,18,6.0,80.9,88.2,6.1,3.1,No,PhD,Yes,100
303,17,1.6,98.6,57.7,9.0,3.0,No,Master,Yes,95.5
304,15,5.3,80.1,41.3,7.9,1.3,No,Master,No,97.8
305,18,5.9,89.6,93.6,9.1,3.9,Yes,Bachelor,Yes,100
306,17,6.5,73.2,60.2,8.2,3.7,Yes,High School,Yes,100
307,17,2.3,97.4,70.7,6.1,2.1,No,Master,Yes,96.0
308,14,1.5,97.1,76.7,4.9,2.7,Yes,High School,Yes,91.2
309,15,7.3,67.2,36.7,6.8,3.9,No,Master,Yes,100
310,15,7.2,59.0,70.4,6.0,2.0,No,Bachelor,No,100
311,18,3.4,76.9,91.5,9.4,2.2,No,Bachelor,Yes,100
312,16,3.2,88.1,80.6,5.0,1.9,Yes,High School,Yes,99.7
313,14,5.2,58.8,41.1,7.7,1.8,No,Bachelor,Yes,83.0
314,16,1.7,56.8,61.5,6.9,3.2,Yes,High School,Yes,82.3
315,16,1.3,92.5,65.1,8.8,3.3,No,Bachelor,Yes,100
316,17,1.3,88.8,91.7,9.5,1.7,Yes,Bachelor,No,100
317,16,5.0,81.3,79.8,5.6,4.8,No,Bachelor,Yes,100
318,14,0.8,87.8,52.7,6.1,4.5,No,Master,No,83.0
319,16,7.4,86.3,40.2,6.2,1.4,No,Bachelor,Yes,87.1
320,15,4.6,92.6,73.7,9.0,1.7,No,Bachelor,Yes,100
321,14,2.5,87.3,94.1,5.1,4.8,No,Master,No,100
322,15,2.6,92.1,39.0,8.3,2.6,Yes,Master,No,91.2
323,18,0.7,63.1,90.3,4.8,3.3,Yes,Bachelor,Yes,100
324,15,4.2,58.7,44.2,5.3,4.3,Yes,Master,Yes,94.4
325,18,6.7,86.0,59.7,9.4,3.3,No,Bachelor,Yes,100
326,17,0.8,77.0,54.9,5.9,2.9,No,Master,Yes,79.8
327,18,6.2,80.6,94.5,5.7,1.1,Yes,Master,Yes,100
328,14,6.9,71.0,88.5,5.8,3.4,Yes,Bachelor,Yes,100
329,18,2.0,67.0,75.1,7.2,0.5,Yes,Bachelor,Yes,92.8
330,16,2.8,78.9,77.4,5.6,3.3,No,Bachelor,Yes,100
331,14,6.4,75.3,83.3,7.4,2.4,No,High School,Yes,100
332,16,2.4,89.8,41.4,8.0,3.2,No,Master,Yes,91.2
333,18,1.1,65.1,59.4,5.0,1.7,Yes,Master,No,88.7
334,16,2.4,86.1,62.0,8.2,0.6,Yes,Master,Yes,88.8
335,15,2.0,96.6,52.0,8.9,2.0,Yes,Bachelor,Yes,93.0
336,15,1.2,98.4,35.5,9.4,3.7,Yes,High School,Yes,89.0
337,15,5.7,89.6,52.6,8.4,2.0,Yes,PhD,Yes,100
338,15,4.4,95.6,48.8,6.9,4.1,No,High School,Yes,100
339,15,4.3,61.3,89.4,5.9,3.0,No,Master,Yes,100
340,16,1.7,81.1,82.6,6.2,0.6,No,Bachelor,Yes,99.5
341,18,0.8,79.6,57.5,5.7,2.9,Yes,Bachelor,Yes,81.0
342,17,2.8,91.5,91.4,4.9,1.5,Yes,High School,Yes,100
343,15,3.4,72.7,53.6,7.1,3.6,Yes,Bachelor,Yes,100
344,14,5.1,67.8,38.3,6.6,1.7,No,Bachelor,Yes,94.2
345,15,3.1,59.8,59.2,5.0,2.5,No,Bachelor,Yes,88.4
346,17,0.7,58.9,48.8,5.0,1.0,No,Bachelor,Yes,67.1
347,16,6.2,87.7,82.4,7.9,0.9,Yes,Bachelor,Yes,100
348,18,3.5,94.5,47.8,7.5,2.8,No,Bachelor,Yes,96.2
349,15,4.1,69.9,35.5,8.9,1.2,Yes,PhD,Yes,90.0
350,14,1.5,65.8,75.3,8.7,0.8,No,PhD,Yes,89.9
351,15,7.3,72.3,80.9,9.3,5.0,No,Bachelor,Yes,100
352,18,6.3,92.9,64.7,6.5,4.6,Yes,High School,Yes,100
353,14,4.2,74.7,76.4,8.6,3.1,Yes,Bachelor,Yes,100
354,16,4.1,95.1,62.5,7.0,2.2,Yes,Bachelor,No,100
355,18,4.7,56.2,82.0,7.4,1.5,Yes,Bachelor,Yes,97.5
356,16,2.6,66.5,88.6,5.5,4.9,No,Master,Yes,100
357,15,0.9,81.5,90.9,8.8,4.3,No,High School,Yes,100
358,15,0.6,76.3,36.8,7.8,1.5,Yes,Bachelor,Yes,71.2
359,14,5.8,68.9,83.0,8.4,3.9,No,Bachelor,Yes,100
360,15,6.1,89.3,85.0,8.6,1.4,No,Bachelor,Yes,100
361,14,4.4,96.5,45.8,5.0,4.6,No,Bachelor,Yes,100
362,17,5.6,68.5,96.1,5.3,4.8,Yes,High School,Yes,100
363,18,6.4,93.6,96.0,8.5,4.8,No,High School,Yes,100
364,16,6.4,98.3,89.3,7.9,3.3,No,Bachelor,Yes,100
365,17,5.5,61.7,95.5,5.5,1.6,Yes,Master,Yes,100
366,17,6.4,84.4,74.7,5.8,1.8,Yes,Bachelor,Yes,100
367,18,5.7,87.4,39.1,7.6,0.5,No,High School,Yes,93.0
368,17,1.5,86.8,86.7,5.2,2.2,No,Master,Yes,96.8
369,16,7.9,70.6,75.6,6.6,0.5,No,PhD,Yes,100
370,16,6.6,61.1,61.8,5.2,4.4,Yes,PhD,Yes,100
371,18,6.9,60.2,89.0,5.6,4.5,Yes,Bachelor,Yes,100
372,15,7.4,79.9,93.8,5.4,4.6,No,High School,Yes,100
373,15,3.7,62.7,76.1,8.9,4.4,Yes,Bachelor,No,100
374,18,5.1,80.1,40.1,6.0,2.9,Yes,Bachelor,Yes,97.6
375,14,6.7,63.6,64.3,6.3,4.4,Yes,Bachelor,Yes,100
376,14,6.4,99.8,37.7,5.1,2.5,No,Master,Yes,100
377,17,4.4,63.7,57.5,8.9,0.7,Yes,Bachelor,Yes,93.3
378,15,2.4,73.8,69.0,5.7,0.5,No,Bachelor,Yes,88.8
379,16,2.1,58.8,58.0,7.0,0.9,No,High School,Yes,84.1
380,15,2.7,93.1,49.3,6.9,2.2,Yes,High School,Yes,88.7
381,16,3.8,91.6,85.1,5.6,4.5,No,PhD,Yes,100
382,14,1.6,69.2,74.9,5.9,0.9,Yes,Master,Yes,89.5
383,15,6.7,92.0,53.9,4.8,2.6,Yes,Bachelor,Yes,100
384,16,3.7,94.6,62.8,7.9,2.2,No,High School,Yes,100
385,15,4.1,99.5,84.9,4.6,0.5,No,High School,Yes,100
386,16,7.2,86.7,75.1,5.9,0.9,No,PhD,Yes,100
387,14,7.8,69.2,35.8,7.0,0.8,Yes,Master,Yes,100
388,14,6.6,66.7,71.0,5.3,2.1,No,Bachelor,Yes,100
389,17,4.6,64.7,64.1,8.3,2.9,No,Bachelor,Yes,100
390,15,4.6,94.6,93.4,8.5,4.9,No,Master,Yes,100
391,17,5.6,89.7,94.3,6.7,1.9,Yes,Bachelor,Yes,100
392,17,1.0,96.4,72.9,5.8,4.6,No,PhD,Yes,100
393,16,1.4,58.2,74.5,6.9,1.7,Yes,Bachelor,Yes,85.5
394,15,1.6,92.9,61.5,8.9,1.0,Yes,Bachelor,Yes,84.4
395,17,6.4,62.6,48.8,6.8,3.5,Yes,Master,Yes,100
396,15,1.4,87.0,57.5,7.9,3.3,Yes,High School,Yes,94.0
397,18,7.9,77.4,91.9,7.4,2.2,No,Master,Yes,100
398,15,1.7,90.1,62.3,6.8,0.9,No,Bachelor,Yes,93.1
399,14,1.0,60.8,58.4,4.8,1.2,Yes,Master,Yes,84.1
400,17,4.1,79.2,53.0,8.0,2.2,Yes,High School,Yes,96.7
401,15,4.9,71.9,81.5,7.3,3.8,Yes,Bachelor,Yes,100
402,18,4.9,59.1,56.4,5.0,1.1,Yes,Bachelor,Yes,94.4
403,17,4.5,71.5,80.9,6.5,0.7,No,Bachelor,No,100
404,16,3.0,92.0,78.1,8.4,0.7,Yes,Master,Yes,100
405,16,6.3,57.1,88.9,9.1,4.2,Yes,Bachelor,Yes,100
406,15,4.4,94.4,85.8,8.7,1.1,No,High School,Yes,100
407,14,5.0,97.0,39.8,5.9,1.8,No,Bachelor,Yes,84.7
408,16,6.0,57.6,59.1,6.7,0.6,No,Bachelor,Yes,96.7
409,14,4.5,99.9,47.5,7.5,3.1,No,Master,Yes,97.5
410,14,7.3,59.3,93.7,4.6,2.6,No,Bachelor,Yes,100
411,15,7.2,64.1,61.0,8.1,2.6,No,High School,Yes,100
412,18,1.5,69.0,45.8,4.8,2.7,Yes,High School,Yes,76.9
413,18,5.4,77.1,50.9,9.4,1.4,No,PhD,Yes,100
414,16,2.1,66.7,45.6,6.9,0.7,Yes,High School,Yes,73.5
415,16,1.2,55.4,77.6,5.0,3.5,No,High School,Yes,81.7
416,15,0.6,55.6,74.8,4.9,4.7,Yes,Bachelor,Yes,88.9
417,14,3.8,71.1,77.8,9.2,1.1,Yes,Bachelor,Yes,100
418,16,1.6,73.0,50.0,8.0,4.8,Yes,Master,Yes,92.9
419,18,1.0,81.3,69.3,9.2,2.6,No,Bachelor,Yes,97.3
420,17,5.6,63.2,82.8,6.3,0.7,Yes,Bachelor,Yes,100
421,14,1.2,69.7,65.7,6.4,1.5,Yes,PhD,Yes,86.9
422,17,1.7,87.6,51.5,6.1,1.6,No,PhD,No,87.3
423,16,1.5,80.8,35.7,9.2,2.5,No,Master,Yes,82.3
424,15,0.8,66.1,56.3,5.8,1.0,Yes,High School,Yes,79.3
425,16,6.0,65.8,58.7,6.7,1.4,No,PhD,Yes,100
426,14,5.8,79.8,48.1,5.7,1.1,Yes,Bachelor,Yes,98.7
427,17,0.8,84.2,97.6,5.8,0.7,Yes,Bachelor,Yes,96.0
428,15,6.7,82.0,84.9,4.7,3.4,No,PhD,Yes,100
429,15,5.8,65.2,69.6,9.5,3.2,No,PhD,Yes,100
430,17,0.7,88.8,59.7,7.2,2.6,Yes,Bachelor,Yes,90.5
431,14,0.9,82.3,95.9,6.7,2.5,No,High School,Yes,99.3
432,14,5.8,86.6,56.0,9.1,2.5,Yes,Master,No,100
433,15,4.1,98.1,96.8,5.4,3.9,Yes,High School,No,100
434,17,3.4,83.7,64.1,6.6,0.6,Yes,Bachelor,Yes,97.6
435,17,0.6,96.6,50.8,7.7,4.5,Yes,High School,Yes,83.3
436,16,6.1,59.1,84.1,6.9,4.4,Yes,PhD,Yes,100
437,18,2.7,89.9,88.4,6.4,4.4,No,Bachelor,Yes,100
438,16,0.8,84.6,56.7,4.8,2.3,Yes,Master,Yes,77.9
439,18,7.6,81.3,77.9,7.0,4.0,Yes,Bachelor,Yes,100
440,15,3.2,76.0,37.7,8.8,4.9,Yes,Bachelor,Yes,95.8
441,16,2.4,97.1,54.1,8.3,1.8,No,High School,Yes,100
442,14,2.4,56.2,84.1,5.5,4.2,Yes,Master,No,97.5
443,15,3.8,85.3,79.3,6.7,2.2,No,Bachelor,Yes,100
444,15,6.0,62.0,65.6,8.7,4.7,No,Bachelor,Yes,100
445,16,2.8,81.1,70.8,9.4,3.4,No,Bachelor,Yes,94.3
446,17,6.8,74.7,69.5,8.1,1.1,No,Bachelor,Yes,100
447,17,1.3,56.9,40.5,5.4,3.0,Yes,Master,Yes,76.3
448,15,2.3,86.5,61.7,7.7,4.6,No,Bachelor,Yes,96.9
449,17,5.6,58.7,48.0,5.7,1.2,No,Bachelor,Yes,81.5
450,14,5.3,66.5,90.6,5.3,3.8,Yes,High School,Yes,100
451,16,2.1,83.2,67.0,6.5,2.2,No,High School,Yes,90.5
452,16,2.6,90.0,64.1,8.1,1.3,Yes,Master,Yes,100
453,18,1.0,65.5,69.7,9.3,0.7,Yes,High School,Yes,71.9
454,16,4.6,69.4,77.6,4.5,4.2,No,High School,Yes,100
455,17,6.4,86.9,78.9,8.8,3.8,Yes,Master,Yes,100
456,16,5.2,74.1,90.2,5.7,4.3,No,Bachelor,Yes,100
457,16,6.6,69.0,38.1,5.4,4.4,No,Bachelor,Yes,97.2
458,16,1.6,71.1,49.6,5.0,4.4,No,Master,Yes,86.5
459,14,2.2,79.0,72.0,8.1,3.1,No,High School,Yes,100
460,14,7.9,74.2,57.9,6.6,3.0,Yes,High School,Yes,100
461,16,6.2,63.7,53.2,8.3,2.4,No,High School,Yes,100
462,16,4.8,79.7,55.9,4.5,3.3,No,High School,Yes,96.6
463,15,2.9,91.7,76.3,6.1,5.0,No,Bachelor,Yes,98.9
464,15,2.3,70.9,69.7,8.5,3.7,No,Master,Yes,100
465,14,3.1,69.4,64.7,5.4,3.8,Yes,High School,Yes,96.9
466,15,1.1,56.1,87.9,7.0,2.6,No,PhD,Yes,96.1
467,18,3.9,87.2,76.3,6.2,2.6,No,Master,Yes,99.0
468,14,5.8,88.5,42.4,6.3,2.4,No,High School,Yes,99.1
469,14,0.9,68.2,48.7,5.1,1.8,No,High School,Yes,74.0
470,17,6.0,66.4,85.9,8.8,1.5,No,Bachelor,Yes,100
471,15,4.2,79.6,94.4,8.7,0.8,Yes,High School,Yes,100
472,18,7.9,75.3,80.3,7.6,3.8,Yes,Bachelor,Yes,100
473,16,3.9,98.8,48.6,5.8,4.6,No,PhD,Yes,98.0
474,16,6.8,60.0,83.0,8.5,4.2,Yes,Master,Yes,100
475,18,3.8,62.9,47.8,7.3,1.7,Yes,Bachelor,Yes,83.0
476,17,6.7,76.8,70.0,7.7,0.9,No,High School,Yes,100
477,16,5.0,91.4,62.9,9.3,3.1,No,High School,No,100
478,14,4.5,77.0,84.8,5.2,2.1,Yes,Bachelor,Yes,100
479,14,5.9,85.8,70.7,5.6,2.5,No,Bachelor,Yes,100
480,18,5.2,88.6,51.3,5.9,4.8,Yes,PhD,Yes,100
481,17,7.7,73.3,65.0,9.3,0.6,Yes,Bachelor,Yes,100
482,18,1.2,71.2,72.0,7.9,3.8,No,High School,Yes,100
483,16,2.7,59.7,81.7,7.5,3.2,Yes,PhD,Yes,100
484,16,1.9,85.5,97.1,8.8,1.5,No,Bachelor,Yes,100
485,17,1.0,80.4,57.3,5.3,2.0,Yes,PhD,Yes,81.1
486,14,6.6,57.7,96.6,9.5,3.1,Yes,Master,Yes,100
487,16,2.0,83.0,63.1,8.0,1.3,Yes,Bachelor,Yes,98.8
488,15,3.5,90.5,51.7,8.4,0.7,No,Master,Yes,81.7
489,17,7.3,87.6,91.5,8.7,3.8,Yes,Bachelor,Yes,100
490,14,4.8,55.7,41.9,6.8,3.4,Yes,High School,Yes,90.6
491,15,1.9,60.3,59.3,8.2,2.4,Yes,High School,Yes,74.6
492,18,6.1,70.0,89.8,5.8,3.8,No,High School,Yes,100
493,16,2.6,88.4,53.2,4.6,1.2,Yes,Master,Yes,90.3
494,15,2.6,62.0,51.7,9.3,3.1,Yes,High School,Yes,88.5
495,14,1.9,70.2,56.5,7.2,3.5,No,Master,Yes,100
496,17,1.1,98.4,93.2,8.6,0.8,No,High School,Yes,97.2
497,18,7.8,65.3,36.4,7.5,4.4,Yes,Bachelor,Yes,100
498,14,7.1,92.3,48.6,7.6,1.1,No,Master,Yes,100
499,18,3.3,97.7,86.0,6.8,1.6,No,Bachelor,Yes,100
500,16,7.1,85.2,51.0,6.4,1.1,Yes,Master,Yes,100
501,14,3.6,98.7,80.6,6.1,5.0,No,Bachelor,Yes,100
502,16,6.2,61.3,45.8,7.6,3.3,No,PhD,Yes,98.2
503,16,1.1,82.1,60.0,5.2,3.8,Yes,Master,Yes,95.3
504,14,2.4,61.1,37.1,8.5,2.6,No,High School,Yes,87.7
505,16,4.9,62.1,80.2,7.7,3.9,No,High School,No,100
506,14,5.9,92.2,64.8,4.8,4.3,Yes,PhD,Yes,100
507,14,4.5,61.4,72.9,6.7,2.1,No,Bachelor,Yes,97.0
508,17,3.5,99.8,95.8,8.6,2.9,Yes,High School,Yes,100
509,15,1.4,88.7,86.0,5.9,3.0,No,Master,Yes,100
510,18,7.4,95.6,67.9,5.1,4.4,No,Master,Yes,100
511,15,6.1,61.4,86.7,4.6,1.8,Yes,High School,Yes,100
512,17,2.5,86.3,43.6,7.4,4.3,Yes,Master,Yes,94.6
513,16,7.0,66.7,50.1,7.9,4.4,Yes,Bachelor,Yes,100
514,15,1.4,73.5,50.7,8.6,3.9,No,Bachelor,Yes,79.1
515,18,7.7,96.8,85.0,8.5,4.4,No,Bachelor,Yes,100
516,14,5.4,57.7,54.8,6.1,2.3,No,Bachelor,Yes,99.4
517,14,4.3,57.2,39.3,6.7,1.8,No,Master,Yes,90.4
518,17,3.5,88.3,77.4,9.1,4.3,Yes,High School,Yes,100
519,14,4.1,85.7,79.4,5.7,0.9,No,PhD,Yes,100
520,18,2.3,74.6,81.1,9.2,4.1,Yes,PhD,No,100
521,15,0.9,74.5,41.6,9.2,3.3,Yes,Master,Yes,83.6
522,15,6.1,75.7,94.0,6.8,5.0,No,High School,Yes,100
523,15,5.7,64.3,47.2,8.0,3.5,No,Bachelor,Yes,100
524,17,6.5,72.5,60.4,8.4,4.3,No,Master,Yes,100
525,18,7.3,87.8,85.0,4.7,0.7,No,Bachelor,Yes,100
526,16,0.7,60.2,70.5,7.8,2.7,Yes,Master,Yes,93.4
527,17,5.7,94.5,83.0,6.7,1.9,No,Master,Yes,100
528,18,3.1,93.6,38.0,9.3,4.9,No,Master,Yes,100
529,15,6.1,97.6,44.1,6.2,1.7,No,Bachelor,Yes,100
530,15,3.7,78.8,47.7,5.2,0.6,Yes,Bachelor,Yes,91.2
531,15,5.7,98.9,87.3,4.6,1.8,No,High School,No,100
532,14,7.3,93.1,44.2,6.7,0.6,No,High School,Yes,100
533,17,6.7,95.7,82.5,6.4,4.1,Yes,Bachelor,Yes,100
534,15,6.6,85.5,95.8,5.3,0.5,No,Bachelor,Yes,100
535,14,1.2,89.4,89.1,6.8,1.3,No,High School,Yes,100
536,17,1.6,70.5,60.3,9.1,3.8,No,High School,No,95.4
537,14,2.1,90.8,84.2,7.1,2.2,Yes,PhD,Yes,100.0
538,16,2.0,77.4,57.6,6.6,4.9,Yes,Bachelor,Yes,89.5
539,15,6.0,62.0,37.3,9.1,2.5,No,Bachelor,Yes,99.3
540,16,3.9,70.7,43.4,5.0,4.5,No,Bachelor,Yes,89.5
541,18,3.9,82.1,49.5,8.1,4.7,Yes,Bachelor,No,92.6
542,15,2.5,69.7,97.3,7.2,2.1,No,Master,Yes,100
543,16,7.8,56.6,40.1,8.0,3.5,No,High School,Yes,100
544,16,2.3,90.6,77.9,5.8,4.7,Yes,Master,Yes,100
545,18,4.6,75.2,59.1,4.7,1.5,Yes,Master,Yes,95.9
546,16,6.6,63.9,95.5,9.5,2.8,No,Master,Yes,100
547,14,5.3,74.0,50.3,7.5,2.0,No,Master,Yes,100
548,17,3.4,89.4,43.1,6.7,0.5,No,PhD,Yes,87.9
549,16,4.6,74.0,58.8,8.1,1.5,Yes,Master,Yes,100
550,14,6.0,64.0,63.8,8.5,4.8,No,Bachelor,Yes,100
551,14,4.1,84.1,93.6,7.9,2.6,No,Master,Yes,100
552,15,4.3,59.6,89.0,6.3,4.6,Yes,Bachelor,Yes,100
553,16,0.7,78.5,45.9,8.7,0.9,Yes,Bachelor,Yes,80.5
554,15,1.8,62.4,72.1,5.2,0.6,No,High School,No,90.1
555,18,5.4,62.0,61.9,7.1,3.2,Yes,High School,Yes,100
556,15,1.6,94.1,96.3,7.1,1.5,No,Bachelor,Yes,100
557,15,7.6,57.7,53.8,5.5,1.4,No,Master,Yes,100
558,14,2.8,69.9,73.6,7.0,1.8,Yes,Master,Yes,95.5
559,14,7.7,60.9,69.6,9.4,3.5,Yes,Bachelor,Yes,100
560,16,1.2,81.1,67.8,5.9,2.6,No,High School,Yes,81.5
561,16,0.5,75.2,49.4,8.5,2.5,No,Bachelor,No,77.8
562,16,4.6,89.0,82.9,9.0,3.5,Yes,High School,Yes,100
563,18,5.2,71.4,81.0,7.0,4.6,No,Bachelor,Yes,100
564,17,6.1,93.0,83.6,9.4,3.9,No,Master,Yes,100
565,16,1.4,68.9,77.6,7.5,1.9,Yes,Master,Yes,90.4
566,16,1.7,55.9,51.1,5.2,1.1,Yes,Bachelor,No,74.8
567,18,3.1,92.5,93.0,8.4,3.7,No,Bachelor,Yes,100
568,16,5.7,84.5,83.8,5.4,4.9,No,Bachelor,Yes,100
569,14,3.1,66.8,65.6,8.1,2.9,No,Master,Yes,100
570,14,3.1,79.5,39.4,7.7,1.5,No,Bachelor,Yes,84.7
571,15,6.1,75.0,62.4,7.8,3.5,Yes,High School,Yes,100
572,18,0.7,88.9,36.6,7.4,0.9,Yes,Bachelor,Yes,73.8
573,18,0.9,67.0,85.4,6.5,2.8,No,PhD,Yes,100
574,18,6.7,62.1,85.1,4.8,3.0,No,High School,Yes,100
575,16,4.1,62.3,47.0,5.1,1.4,No,Bachelor,Yes,88.4
576,18,3.1,95.0,86.5,5.0,2.6,Yes,Master,Yes,100
577,15,3.0,90.2,41.9,9.1,3.5,No,PhD,Yes,95.7
578,14,1.2,73.6,91.9,7.1,4.6,Yes,High School,Yes,94.7
579,17,1.7,78.4,65.4,4.8,3.4,No,Bachelor,Yes,88.9
580,15,3.0,86.4,71.9,8.3,0.8,No,High School,Yes,100
581,14,6.0,97.4,63.1,7.5,2.4,No,PhD,No,100
582,15,4.7,92.2,78.7,8.9,4.3,Yes,Master,Yes,100
583,14,2.2,96.4,77.8,6.0,2.4,No,Bachelor,Yes,100
584,15,1.1,66.9,96.3,6.4,1.0,Yes,Master,Yes,88.6
585,15,7.1,95.1,43.0,6.3,2.6,No,Bachelor,Yes,97.5
586,14,0.5,59.6,61.4,9.2,1.0,Yes,Master,Yes,89.8
587,14,2.3,96.1,69.0,8.6,4.5,No,Bachelor,Yes,100
588,15,5.6,91.3,53.5,7.4,0.8,No,Master,Yes,100
589,14,1.4,58.7,96.0,7.0,3.7,No,PhD,Yes,100
590,16,6.2,98.9,76.5,4.7,2.2,Yes,Master,Yes,100
591,15,1.6,75.0,42.5,4.5,1.5,No,Master,Yes,82.0
592,16,6.8,66.0,71.8,8.6,4.7,No,Bachelor,Yes,100
593,14,4.6,64.6,55.2,7.8,3.0,No,Master,Yes,100
594,18,6.0,97.3,93.5,6.7,2.9,No,High School,Yes,100
595,18,1.7,70.2,57.5,6.9,1.8,No,Bachelor,Yes,80.7
596,17,2.8,88.4,97.5,6.8,4.5,No,High School,Yes,100
597,15,5.9,97.8,52.5,5.8,0.7,Yes,High School,Yes,98.9
598,16,1.8,58.2,53.8,7.7,4.2,No,Bachelor,Yes,79.4
599,16,5.4,72.0,90.3,7.0,2.2,No,Bachelor,Yes,100
600,16,2.7,99.7,90.0,6.3,4.7,Yes,Bachelor,Yes,100
601,15,5.3,86.6,93.3,5.2,4.1,Yes,High School,No,100
602,16,0.6,76.8,39.9,5.2,1.0,No,Bachelor,Yes,76.7
603,16,1.7,61.7,75.6,6.3,3.8,Yes,Master,Yes,91.7
604,16,7.8,65.6,70.9,7.0,4.5,No,Master,Yes,100
605,17,2.9,70.8,43.7,4.7,4.2,Yes,Master,Yes,98.0
606,17,5.9,73.6,78.4,5.2,4.9,No,Bachelor,No,100
607,18,6.9,75.4,82.7,7.5,3.4,No,Bachelor,Yes,100
608,16,2.4,68.1,50.4,5.8,4.7,No,High School,Yes,90.9
609,15,3.5,73.7,74.8,4.7,1.4,Yes,Master,Yes,100
610,15,7.4,79.2,54.1,7.3,4.3,No,High School,Yes,100
611,15,3.2,91.5,43.7,6.4,4.6,No,Bachelor,Yes,99.3
612,18,6.2,86.8,43.4,9.1,0.9,No,Bachelor,Yes,98.9
613,16,7.9,76.4,88.6,8.2,3.4,Yes,PhD,Yes,100
614,14,1.7,79.2,35.3,5.0,4.1,Yes,Master,Yes,84.7
615,15,6.1,88.1,83.6,7.8,2.4,Yes,High School,Yes,100
616,18,5.4,93.2,45.3,5.7,4.9,No,Bachelor,Yes,100
617,15,5.9,92.4,94.3,5.5,3.8,Yes,PhD,Yes,100
618,14,4.1,71.7,93.1,8.5,1.1,No,Bachelor,Yes,100
619,14,3.9,55.1,51.1,6.1,4.9,No,Master,Yes,96.9
620,16,4.6,87.2,82.4,6.1,4.6,Yes,Bachelor,Yes,100
621,17,8.0,71.2,65.1,5.4,4.6,No,Master,Yes,100
622,18,4.4,77.5,82.4,5.0,1.8,No,Bachelor,Yes,100
623,15,3.1,79.1,62.3,7.5,4.1,No,Master,Yes,100
624,17,4.9,62.3,90.0,6.9,3.7,Yes,Master,Yes,100
625,15,7.6,98.5,67.1,9.2,3.3,No,Bachelor,Yes,100
626,14,2.5,74.3,97.0,8.5,2.4,No,Bachelor,Yes,100
627,14,2.3,63.2,69.1,8.4,3.2,No,Bachelor,Yes,83.5
628,15,5.7,61.5,44.6,7.8,1.3,No,Bachelor,Yes,96.9
629,14,4.8,93.1,69.1,4.5,4.5,No,Bachelor,Yes,100
630,18,6.3,64.6,78.9,6.5,4.2,Yes,High School,Yes,100
631,15,2.0,92.2,86.3,7.2,4.9,Yes,High School,Yes,100
632,16,3.6,91.4,66.7,6.7,4.0,Yes,Bachelor,Yes,100
633,15,7.4,63.0,38.8,9.5,3.4,Yes,High School,No,100
634,17,7.1,91.5,48.7,4.6,2.2,No,Bachelor,Yes,100
635,16,3.2,56.8,45.4,6.0,4.2,No,Master,Yes,90.7
636,18,3.6,62.2,59.0,7.7,4.4,Yes,Master,Yes,100
637,17,4.8,55.4,50.6,9.2,0.8,Yes,Bachelor,Yes,92.1
638,18,5.2,59.1,95.7,7.5,1.4,Yes,Master,Yes,100
639,17,0.9,93.4,72.2,8.5,1.6,Yes,High School,Yes,90.4
640,17,3.8,87.4,55.2,8.8,3.4,No,Bachelor,Yes,98.6
641,15,5.4,91.1,81.0,5.9,0.5,Yes,Bachelor,Yes,100
642,15,0.8,84.6,59.3,6.3,1.7,No,Bachelor,Yes,79.6
643,16,1.1,64.7,49.8,5.5,4.3,Yes,High School,No,80.3
644,15,6.6,58.4,97.0,7.8,1.1,No,PhD,Yes,100
645,14,1.8,73.1,53.3,5.7,0.6,No,High School,Yes,77.8
646,15,4.1,67.3,84.5,5.9,1.5,No,Bachelor,Yes,100
647,17,4.7,79.9,87.6,6.0,2.6,Yes,High School,No,100
648,18,5.7,55.6,63.0,5.4,1.8,Yes,High School,Yes,100
649,17,5.6,84.1,60.4,8.3,2.1,No,Bachelor,Yes,100
650,18,1.5,67.8,86.7,6.5,4.3,Yes,Bachelor,No,100
651,15,3.0,89.2,90.0,6.4,3.2,Yes,Bachelor,Yes,100
652,16,7.6,58.4,41.7,4.8,3.4,Yes,Bachelor,Yes,99.7
653,14,1.0,78.6,45.2,5.3,3.5,No,High School,Yes,74.8
654,16,4.5,75.7,41.4,7.4,4.4,Yes,Bachelor,Yes,96.2
655,17,2.3,75.1,76.2,7.1,2.9,Yes,High School,Yes,100
656,17,5.4,82.1,69.1,5.7,2.9,No,Bachelor,Yes,100
657,15,3.6,69.1,89.3,7.9,2.4,No,High School,Yes,100
658,14,1.7,97.3,90.9,8.4,3.0,Yes,High School,Yes,100
659,17,5.4,63.9,97.2,8.8,2.3,Yes,High School,Yes,100
660,16,5.8,98.6,36.6,5.9,3.4,No,Master,Yes,95.6
661,14,6.4,88.5,60.0,6.3,1.8,Yes,Master,Yes,100
662,14,1.7,55.3,64.5,4.6,2.2,No,Master,Yes,83.9
663,15,2.4,70.9,74.6,8.2,2.7,No,High School,No,90.5
664,16,4.2,98.5,72.4,5.8,2.3,No,Bachelor,Yes,100
665,16,4.1,55.5,48.3,6.1,3.1,Yes,Bachelor,Yes,89.3
666,15,4.6,60.1,36.7,7.2,3.2,Yes,Master,No,90.6
667,18,4.6,62.8,36.2,5.8,4.2,Yes,Master,Yes,88.4
668,15,7.0,96.2,42.7,8.8,3.1,Yes,Master,Yes,100
669,18,5.8,96.0,41.2,7.1,0.9,Yes,Bachelor,Yes,100
670,16,3.9,55.2,86.1,4.6,2.1,No,Master,Yes,99.5
671,18,5.9,90.4,58.4,5.2,2.3,Yes,Master,Yes,100
672,17,1.0,97.5,96.4,7.5,4.7,Yes,High School,Yes,100
673,14,8.0,99.0,45.9,4.6,3.6,No,Bachelor,No,100
674,14,6.4,98.6,76.5,7.1,1.0,No,Bachelor,Yes,100
675,18,4.4,58.4,69.7,4.9,4.2,Yes,Bachelor,Yes,100
676,16,7.4,66.9,39.9,5.2,1.8,No,Master,Yes,94.8
677,14,6.4,93.0,67.4,5.5,2.5,Yes,Master,Yes,100
678,15,4.4,87.9,53.6,9.2,1.8,No,Master,Yes,98.2
679,18,6.8,77.9,44.4,6.8,3.0,Yes,High School,Yes,100
680,16,3.2,78.8,61.1,6.1,2.9,No,High School,Yes,87.7
681,15,3.1,89.8,50.6,7.1,3.5,No,High School,Yes,98.6
682,16,7.0,69.1,76.8,9.3,2.6,No,Bachelor,Yes,100
683,16,6.3,58.2,66.0,4.9,3.9,No,PhD,Yes,100
684,16,5.8,95.5,95.8,4.9,2.6,Yes,High School,Yes,100
685,14,1.3,58.9,80.7,6.2,0.9,Yes,High School,Yes,83.6
686,16,0.8,56.9,73.6,7.3,3.4,No,Bachelor,Yes,84.6
687,18,7.7,88.4,43.3,8.2,4.3,Yes,Bachelor,Yes,100
688,16,1.1,97.8,59.3,9.2,3.4,No,PhD,Yes,95.5
689,17,1.3,89.9,86.8,5.0,4.4,Yes,Master,Yes,100
690,15,2.5,71.9,62.4,7.4,1.1,Yes,Bachelor,Yes,83.4
691,16,7.8,88.7,36.2,5.0,2.9,Yes,High School,Yes,100
692,14,3.3,89.5,37.7,4.5,1.9,No,Master,Yes,79.8
693,16,2.2,63.0,58.7,7.1,4.2,No,High School,Yes,90.1
694,18,1.3,56.8,49.0,7.5,3.4,Yes,Master,Yes,81.3
695,15,6.3,85.9,94.3,6.9,3.2,No,PhD,Yes,100
696,17,6.8,73.5,43.8,7.3,2.5,No,High School,Yes,100
697,15,1.1,57.9,65.8,5.4,0.8,Yes,Bachelor,Yes,83.3
698,15,0.9,76.3,51.6,9.0,1.1,No,Bachelor,Yes,86.7
699,16,6.3,64.2,71.8,9.2,3.1,No,Bachelor,Yes,100
700,18,1.4,88.4,96.4,9.1,3.1,Yes,Bachelor,Yes,97.1
701,16,6.2,60.9,65.1,8.7,4.7,No,Bachelor,No,100
702,17,3.7,73.2,51.0,6.2,3.4,Yes,High School,Yes,94.9
703,17,1.2,77.9,69.2,8.2,2.7,Yes,Bachelor,Yes,93.3
704,17,1.3,88.2,58.9,9.1,0.9,No,High School,Yes,85.5
705,18,2.0,99.3,93.4,8.8,2.3,No,Bachelor,Yes,100
706,17,3.6,70.4,62.0,5.2,4.4,Yes,Bachelor,Yes,98.0
707,16,5.6,76.7,60.9,5.9,2.7,No,Bachelor,Yes,100
708,18,4.1,87.5,46.4,5.4,3.1,No,Bachelor,Yes,95.1
709,16,5.0,61.3,71.7,8.8,2.5,No,Bachelor,Yes,100
710,15,2.0,99.5,48.8,6.1,1.9,Yes,Bachelor,Yes,83.0
711,14,8.0,88.0,86.2,8.9,4.9,Yes,Master,Yes,100
712,14,5.3,63.1,62.9,8.2,4.9,Yes,Master,Yes,97.8
713,15,7.8,72.7,50.7,8.2,1.1,No,Master,Yes,100
714,17,2.3,64.5,69.7,7.6,2.1,No,PhD,Yes,99.1
715,14,0.8,68.6,75.5,8.1,2.2,Yes,High School,Yes,92.7
716,18,2.2,60.2,81.0,4.8,2.6,Yes,Bachelor,Yes,100
717,17,4.2,85.1,70.4,6.7,1.8,No,Master,No,100
718,14,7.5,67.8,73.5,5.0,2.6,Yes,Bachelor,Yes,100
719,15,7.2,83.3,92.1,5.7,1.4,Yes,Bachelor,Yes,100
720,17,1.4,81.7,38.4,9.4,2.4,No,Bachelor,Yes,84.1
721,15,3.2,64.6,44.8,5.0,2.5,No,Bachelor,Yes,79.6
722,16,3.5,87.7,69.7,4.7,4.0,No,High School,Yes,94.5
723,14,4.9,83.0,88.2,6.0,4.3,No,Bachelor,Yes,100
724,15,0.8,67.5,60.9,8.2,2.9,No,Bachelor,Yes,91.6
725,18,7.2,71.3,77.2,7.0,3.5,No,Bachelor,No,100
726,16,7.6,89.5,96.5,5.6,2.3,No,Bachelor,Yes,100
727,15,2.4,77.4,94.8,8.0,2.5,Yes,Bachelor,Yes,100
728,18,5.2,87.0,65.9,7.5,3.3,No,High School,Yes,100
729,14,6.2,93.9,49.8,5.6,2.5,No,Bachelor,No,100
730,16,5.8,55.8,77.1,9.1,3.5,No,High School,Yes,100
731,18,7.6,88.3,89.1,6.1,0.6,Yes,High School,Yes,100
732,14,2.6,61.0,57.3,6.6,4.3,Yes,High School,Yes,88.1
733,18,2.8,88.7,55.0,5.9,2.5,Yes,Bachelor,Yes,87.7
734,15,3.8,83.4,54.4,5.9,2.9,Yes,Bachelor,Yes,98.5
735,17,1.0,56.2,97.2,9.3,4.5,Yes,Bachelor,Yes,100
736,16,4.0,75.4,69.4,6.4,1.9,No,Bachelor,Yes,98.0
737,14,5.6,58.2,89.6,8.6,3.0,Yes,Bachelor,Yes,100
738,16,2.3,75.8,55.3,8.2,1.0,No,Bachelor,Yes,86.6
739,14,1.3,87.4,46.8,5.6,0.8,Yes,High School,No,75.0
740,16,7.7,98.5,59.5,5.8,2.6,Yes,Bachelor,Yes,100
741,16,7.8,76.4,46.3,8.2,4.0,Yes,Bachelor,Yes,100
742,16,5.5,64.8,94.0,7.0,4.4,No,Bachelor,Yes,100
743,18,5.3,77.6,41.4,5.9,3.9,Yes,Bachelor,Yes,96.3
744,14,2.0,68.4,42.2,8.0,2.8,No,Bachelor,Yes,75.8
745,18,7.0,99.0,56.3,5.7,3.3,No,Bachelor,Yes,100
746,15,1.9,68.4,36.6,7.5,2.3,Yes,Bachelor,Yes,85.9
747,16,1.5,75.0,63.5,7.5,0.8,No,Master,No,93.5
748,16,7.6,59.0,89.8,8.8,3.3,No,Bachelor,Yes,100
749,16,2.7,90.5,58.6,5.3,2.3,No,High School,Yes,82.8
750,16,5.2,98.2,68.8,6.2,1.7,No,High School,Yes,100
751,18,1.3,89.7,43.9,8.2,2.5,Yes,Master,Yes,93.0
752,18,4.4,87.4,85.3,5.7,2.3,Yes,High School,Yes,100
753,18,6.8,92.3,53.1,5.8,3.6,No,Bachelor,Yes,100
754,15,6.4,96.6,64.3,5.9,2.0,No,High School,Yes,100
755,17,3.5,78.1,54.6,8.1,2.9,No,Master,Yes,98.5
756,18,7.9,82.0,45.2,6.3,4.9,Yes,Master,Yes,100
757,15,1.4,79.3,63.1,6.8,2.1,Yes,Bachelor,Yes,93.5
758,15,1.7,92.2,48.8,4.5,3.6,No,Bachelor,Yes,88.1
759,15,4.0,60.1,62.2,6.6,4.0,Yes,Bachelor,Yes,93.9
760,18,3.9,95.8,38.2,6.9,1.0,No,Master,Yes,92.2
761,15,3.6,99.5,90.6,4.7,1.6,No,High School,No,100
762,18,6.1,58.8,65.9,6.1,4.8,Yes,Master,Yes,100
763,14,2.1,96.1,66.3,5.5,0.6,Yes,Bachelor,Yes,87.2
764,14,7.2,96.1,78.5,4.8,2.7,Yes,Bachelor,Yes,100
765,17,6.3,97.1,44.5,7.7,4.6,No,High School,Yes,100
766,18,1.2,90.9,68.4,8.9,3.1,Yes,Master,Yes,99.0
767,16,7.5,96.9,80.9,8.9,3.9,Yes,Bachelor,Yes,100
768,15,8.0,82.9,52.1,9.4,1.8,Yes,Bachelor,Yes,100
769,14,4.0,82.5,94.2,4.7,3.5,Yes,Bachelor,No,100
770,17,4.5,70.5,93.6,8.4,1.7,No,Bachelor,Yes,100
771,15,5.3,91.5,49.2,8.4,4.4,No,Master,Yes,100
772,14,3.0,75.1,69.7,8.0,4.6,No,Bachelor,Yes,95.2
773,16,2.7,83.4,62.8,4.6,3.8,No,Bachelor,Yes,93.5
774,18,1.5,99.1,77.2,4.7,2.4,No,High School,No,95.1
775,14,6.5,63.9,48.7,8.4,3.5,No,Bachelor,Yes,100
776,18,5.2,84.1,39.9,7.0,1.6,No,Master,Yes,94.9
777,15,6.5,97.8,86.7,5.5,3.5,Yes,PhD,Yes,100
778,18,1.9,88.9,36.9,8.4,3.0,No,High School,Yes,88.4
779,17,2.5,91.0,51.6,7.4,3.1,Yes,High School,No,88.3
780,16,0.9,74.6,88.5,6.7,2.1,Yes,Master,Yes,99.8
781,14,0.7,57.5,93.1,8.0,2.5,No,High School,Yes,92.5
782,18,1.1,60.6,77.4,4.6,4.0,Yes,High School,Yes,95.0
783,17,7.6,63.7,94.9,9.5,0.5,Yes,High School,Yes,100
784,18,2.3,67.7,83.8,5.9,1.6,Yes,Master,Yes,100
785,14,2.4,59.2,52.5,9.5,3.2,No,Master,Yes,90.3
786,17,7.4,76.6,58.7,4.9,4.7,No,Master,Yes,100
787,18,0.6,98.9,62.4,5.2,2.3,Yes,Master,Yes,100
788,18,5.1,86.7,65.2,8.0,2.3,Yes,High School,Yes,100
789,14,2.5,88.0,90.0,5.9,3.8,Yes,Bachelor,Yes,100
790,16,0.5,60.5,56.6,8.7,3.0,Yes,Bachelor,Yes,87.3
791,17,4.3,91.0,41.9,6.2,1.2,No,High School,Yes,84.2
792,18,1.1,71.1,73.6,9.3,3.5,No,Master,Yes,99.4
793,17,4.7,73.0,89.6,5.6,4.4,Yes,Master,Yes,100
794,18,1.8,58.9,65.3,5.2,1.6,Yes,Bachelor,Yes,79.9
795,15,7.0,85.4,74.1,4.7,3.5,No,PhD,Yes,100
796,18,1.2,72.0,37.6,8.0,3.3,No,High School,Yes,67.9
797,18,1.5,77.1,75.9,5.9,1.2,Yes,Master,Yes,95.0
798,15,7.7,98.0,53.6,5.0,2.6,No,Bachelor,Yes,100
799,17,3.0,78.8,86.3,8.1,4.5,No,Bachelor,Yes,100
800,15,2.3,61.7,75.0,7.5,2.0,Yes,PhD,Yes,98.6
801,15,4.3,63.9,48.3,7.7,2.3,Yes,High School,Yes,94.2
802,14,5.8,60.6,44.3,8.6,2.0,Yes,Bachelor,Yes,90.1
803,17,3.4,65.0,46.0,5.7,3.5,No,Bachelor,Yes,90.7
804,16,3.2,57.0,84.6,8.5,2.5,No,High School,Yes,100.0
805,15,3.4,70.9,78.9,7.8,3.2,No,High School,Yes,100
806,16,2.7,60.7,58.9,7.3,3.0,Yes,Master,Yes,90.1
807,17,3.4,89.4,61.2,4.9,4.0,No,Bachelor,Yes,97.3
808,16,2.8,85.4,54.2,4.5,0.6,Yes,Bachelor,Yes,79.7
809,14,4.4,64.2,87.2,7.7,3.9,Yes,Bachelor,Yes,100
810,16,7.6,93.8,70.2,9.3,1.4,No,High School,Yes,100
811,16,6.8,92.3,50.3,7.3,4.4,No,Master,Yes,100
812,17,2.6,69.2,97.7,8.3,3.9,Yes,Bachelor,Yes,100
813,18,0.9,88.7,94.8,6.0,1.3,Yes,Bachelor,Yes,100
814,17,0.9,73.3,37.3,7.3,1.0,No,High School,Yes,74.3
815,15,6.4,91.2,97.4,7.2,5.0,No,Master,Yes,100
816,18,4.2,90.8,76.0,6.3,3.2,Yes,Bachelor,Yes,100
817,17,6.1,70.5,61.3,8.2,4.3,Yes,Bachelor,Yes,100
818,18,4.7,66.2,51.8,8.6,2.9,Yes,Master,Yes,96.7
819,17,5.5,70.1,88.2,8.7,2.4,Yes,Master,Yes,100
820,16,7.6,96.5,92.8,8.0,4.3,Yes,Master,Yes,100
821,17,7.9,58.8,38.8,6.4,3.0,Yes,PhD,Yes,100
822,14,3.1,70.1,48.3,5.3,3.5,No,High School,Yes,86.5
823,15,1.3,81.6,61.2,6.9,1.8,No,Master,Yes,84.3
824,17,1.2,65.8,67.7,7.5,2.3,No,High School,Yes,77.2
825,14,1.4,93.5,84.5,6.3,4.2,Yes,Bachelor,Yes,100
826,14,2.5,88.0,97.3,9.0,3.0,No,Bachelor,Yes,100
827,17,2.8,90.2,75.8,8.7,3.5,Yes,Bachelor,Yes,100
828,14,1.8,81.5,59.9,4.9,0.6,Yes,High School,Yes,84.9
829,14,3.1,94.8,55.6,7.8,2.1,Yes,Bachelor,Yes,99.7
830,17,5.1,66.3,52.0,8.3,0.8,Yes,Master,Yes,99.0
831,16,4.6,97.3,94.7,5.2,4.4,Yes,Bachelor,No,100
832,14,0.7,90.3,45.0,9.3,4.4,No,Master,Yes,92.8
833,16,6.8,63.7,72.0,7.7,1.3,Yes,Bachelor,No,100
834,18,5.7,92.1,82.6,8.3,4.7,No,Bachelor,Yes,100
835,14,6.2,66.6,80.4,5.1,2.2,Yes,Bachelor,Yes,100
836,17,6.4,92.4,63.5,6.5,1.2,Yes,Bachelor,Yes,100
837,17,3.7,67.4,35.7,9.1,0.9,No,Bachelor,Yes,86.6
838,18,5.5,91.1,97.5,6.3,3.0,Yes,High School,Yes,100
839,17,7.1,79.0,76.9,5.2,3.7,No,Master,Yes,100
840,18,2.9,67.0,89.4,6.5,4.3,No,High School,Yes,100
841,16,5.5,80.1,46.1,6.6,0.7,No,Bachelor,Yes,96.6
842,14,3.0,61.3,69.1,5.0,0.6,No,Bachelor,No,96.9
843,15,4.5,55.5,94.6,8.7,0.6,Yes,Master,Yes,100
844,17,6.0,66.0,40.6,5.0,0.6,No,Master,Yes,86.0
845,16,3.4,94.4,96.5,5.9,2.8,Yes,High School,Yes,100
846,16,6.3,60.7,84.7,8.4,2.0,No,PhD,Yes,100
847,14,2.3,64.4,89.2,8.1,2.5,No,Bachelor,Yes,94.3
848,18,5.5,99.7,67.3,7.8,4.1,Yes,High School,Yes,100
849,18,2.6,76.3,91.2,7.1,2.5,No,Bachelor,Yes,100
850,15,3.3,74.0,94.4,6.6,3.9,Yes,Bachelor,Yes,100
851,15,0.9,94.3,74.1,8.8,3.3,No,Bachelor,Yes,95.2
852,14,3.9,60.4,68.8,9.4,4.3,No,Bachelor,Yes,98.8
853,18,1.5,94.0,91.8,5.4,1.3,No,Master,Yes,100
854,16,4.7,99.5,35.5,8.6,4.9,No,High School,Yes,100
855,14,7.9,88.8,93.9,7.0,2.0,No,Master,Yes,100
856,14,6.5,93.7,57.9,7.3,1.5,No,Bachelor,Yes,100
857,18,2.9,88.2,93.8,6.3,0.6,No,High School,Yes,95.9
858,16,0.6,55.2,42.2,5.0,2.0,No,Bachelor,Yes,66.7
859,14,3.6,67.8,90.1,5.7,4.9,Yes,High School,Yes,100
860,16,4.1,85.0,35.4,7.1,2.4,Yes,PhD,Yes,98.9
861,17,7.6,64.4,84.7,7.2,1.7,Yes,Bachelor,No,100
862,18,2.4,60.9,82.5,5.2,0.7,No,Bachelor,Yes,88.1
863,18,1.6,95.4,83.3,7.3,0.8,No,Master,Yes,100
864,18,2.4,84.7,54.8,5.8,2.8,Yes,Bachelor,No,91.1
865,17,1.4,72.6,54.1,8.8,0.8,No,Bachelor,Yes,72.4
866,15,7.2,61.3,57.9,6.6,2.8,Yes,High School,Yes,100
867,14,4.3,77.0,88.3,8.5,2.2,Yes,Bachelor,Yes,100
868,17,2.0,99.3,46.2,6.2,2.4,Yes,Master,Yes,85.7
869,15,4.0,77.8,42.2,5.8,1.0,No,Bachelor,No,80.7
870,14,3.5,75.0,89.7,5.8,1.0,Yes,High School,Yes,100
871,18,7.8,59.9,70.5,7.3,3.6,Yes,Master,Yes,100
872,17,7.8,73.5,91.0,5.0,1.0,Yes,High School,Yes,100
873,14,5.5,84.0,48.1,5.1,2.7,Yes,Bachelor,Yes,100
874,17,1.8,76.6,68.1,8.9,4.4,No,Bachelor,No,100
875,15,7.4,82.7,78.2,8.5,5.0,No,Bachelor,No,100
876,15,5.8,56.0,94.4,5.3,3.0,No,Bachelor,Yes,100
877,15,5.6,58.5,88.8,9.3,1.5,Yes,High School,Yes,100
878,17,6.2,76.9,65.0,7.5,2.9,No,Bachelor,Yes,100
879,18,1.0,93.2,68.6,9.5,2.2,No,Master,No,94.4
880,18,3.0,73.7,96.1,9.4,4.7,Yes,Bachelor,Yes,100
881,14,7.9,66.9,57.4,6.7,0.7,No,Master,Yes,100
882,17,2.8,79.4,39.9,5.5,2.5,Yes,High School,Yes,84.9
883,16,3.5,71.2,82.5,5.9,3.4,Yes,High School,Yes,100
884,14,2.8,55.8,40.3,5.6,2.6,Yes,Bachelor,Yes,79.0
885,17,7.0,56.8,83.4,8.1,2.3,Yes,Master,Yes,100
886,14,5.8,76.9,71.4,7.1,3.9,Yes,Bachelor,Yes,100
887,16,3.2,92.8,51.2,5.6,1.2,Yes,Master,Yes,84.0
888,16,0.7,88.7,54.9,5.6,3.3,Yes,High School,Yes,88.8
889,18,6.4,81.4,69.9,5.5,0.6,No,Master,Yes,100
890,14,3.2,97.9,78.8,6.7,2.6,Yes,High School,Yes,100
891,14,6.3,67.7,40.6,7.8,2.6,No,High School,Yes,100
892,16,3.8,64.4,52.0,9.5,4.0,No,Bachelor,Yes,95.2
893,15,0.5,94.1,44.9,8.2,1.4,Yes,Bachelor,Yes,75.2
894,14,8.0,87.7,90.0,8.2,3.2,No,Master,Yes,100
895,17,3.6,74.4,88.3,5.4,0.9,No,High School,Yes,100
896,14,3.5,58.4,38.2,4.8,4.8,Yes,Bachelor,No,85.1
897,18,6.3,86.7,83.4,8.1,4.5,No,Master,Yes,100
898,15,5.6,88.3,53.7,4.7,0.8,No,High School,No,100
899,15,6.0,81.8,82.1,7.7,1.3,No,High School,Yes,100
900,17,4.9,79.6,42.7,7.3,1.4,Yes,Bachelor,Yes,100
901,16,7.1,99.0,59.5,5.9,2.0,Yes,High School,Yes,100
902,15,7.5,59.7,72.4,8.5,2.6,No,PhD,Yes,100
903,14,6.4,56.8,88.6,8.3,1.1,No,Bachelor,Yes,100
904,15,0.5,58.0,83.4,9.2,3.6,Yes,High School,Yes,98.9
905,18,5.0,73.7,36.1,8.9,1.2,No,Master,Yes,90.8
906,15,5.6,89.1,74.7,4.6,4.3,Yes,Master,Yes,100
907,14,3.6,77.0,77.7,8.8,3.9,No,High School,Yes,100
908,17,0.6,63.1,41.9,6.2,3.6,Yes,Bachelor,Yes,72.9
909,17,3.8,87.2,54.6,5.3,1.2,Yes,High School,Yes,90.2
910,17,1.2,64.8,97.4,5.5,1.2,Yes,High School,Yes,85.8
911,17,4.4,91.4,58.3,4.9,2.1,Yes,PhD,Yes,100
912,18,2.4,75.7,46.2,5.7,1.6,Yes,PhD,Yes,87.0
913,18,1.7,97.4,75.7,8.1,2.7,Yes,PhD,Yes,100
914,17,7.2,85.0,68.9,6.1,4.6,Yes,Master,Yes,100
915,17,5.6,64.8,96.9,6.3,1.8,No,Bachelor,Yes,100
916,17,2.3,72.5,57.5,5.8,1.1,Yes,High School,Yes,84.5
917,18,0.6,94.9,66.3,8.3,3.1,No,High School,Yes,87.4
918,18,4.3,96.7,37.7,7.2,5.0,Yes,Bachelor,No,100
919,14,7.0,72.7,67.3,7.0,3.7,No,High School,Yes,100
920,14,6.3,58.8,38.0,7.8,1.0,No,Master,No,98.4
921,16,6.6,76.7,73.2,6.8,2.9,Yes,High School,Yes,100
922,18,2.0,79.4,57.5,7.5,4.7,Yes,Bachelor,Yes,98.4
923,15,7.9,85.2,52.5,5.4,1.3,Yes,Bachelor,Yes,100
924,16,2.3,86.8,85.8,6.3,4.0,Yes,Bachelor,No,100
925,16,8.0,100.0,74.7,9.0,1.9,No,Bachelor,Yes,100
926,17,3.8,88.7,84.1,9.2,1.3,No,PhD,No,100
927,18,2.8,60.3,54.3,5.2,1.9,No,Master,Yes,86.2
928,15,2.4,81.3,61.9,5.2,2.3,Yes,High School,Yes,95.3
929,17,6.2,58.9,39.9,5.2,3.7,No,High School,Yes,89.4
930,16,1.2,82.8,37.1,8.0,0.8,Yes,Bachelor,Yes,75.9
931,15,1.2,82.1,83.8,7.6,1.3,Yes,High School,Yes,89.0
932,17,7.4,75.2,89.5,5.7,3.9,No,Bachelor,Yes,100
933,18,2.1,71.8,47.9,8.5,2.2,No,Master,Yes,88.3
934,16,1.7,92.7,43.4,5.3,3.7,Yes,High School,Yes,82.9
935,14,5.1,90.7,66.0,5.0,1.4,Yes,Bachelor,Yes,99.4
936,18,6.1,77.2,94.4,7.9,2.9,Yes,Bachelor,Yes,100
937,18,1.5,58.0,46.5,7.4,3.4,No,Master,Yes,71.0
938,18,5.8,57.3,41.0,7.3,2.0,No,High School,No,91.8
939,17,5.2,96.8,63.7,9.3,2.2,No,Bachelor,Yes,100
940,18,5.5,99.4,83.6,7.5,3.0,No,Bachelor,Yes,100
941,18,4.7,88.9,90.4,8.7,3.0,Yes,Bachelor,Yes,100
942,17,5.2,96.0,39.4,5.9,2.2,Yes,Master,No,100
943,17,4.0,56.3,44.0,9.3,1.9,No,Bachelor,Yes,84.9
944,17,7.5,76.9,89.0,7.6,0.6,No,High School,Yes,100
945,17,7.0,77.1,52.5,5.5,2.4,Yes,PhD,Yes,100
946,16,4.3,85.1,85.5,8.5,1.3,Yes,Bachelor,Yes,100
947,17,2.3,55.6,81.9,6.5,3.0,Yes,High School,Yes,91.1
948,18,7.0,91.3,70.8,7.5,2.2,No,Master,Yes,100
949,15,1.6,88.9,48.9,6.6,4.8,No,Master,Yes,88.9
950,18,4.0,80.0,92.5,8.1,2.1,No,Bachelor,Yes,100
951,18,6.1,57.7,60.2,5.0,1.6,No,Bachelor,Yes,100
952,17,7.0,96.9,43.5,7.8,2.4,Yes,Bachelor,Yes,100
953,17,7.1,95.5,62.2,5.1,1.7,No,High School,Yes,100
954,15,7.5,60.6,74.9,4.7,4.8,No,Master,Yes,100
955,15,4.7,74.7,96.5,7.3,3.9,Yes,High School,Yes,100
956,14,2.7,93.5,86.5,8.3,4.6,Yes,Bachelor,Yes,100
957,16,0.5,67.0,45.0,7.2,1.1,No,PhD,Yes,68.3
958,17,6.3,63.6,81.9,5.9,5.0,Yes,High School,Yes,100
959,14,6.7,92.5,45.6,8.6,4.5,No,Bachelor,Yes,100
960,17,4.6,72.5,97.7,5.5,1.4,No,Bachelor,Yes,100
961,17,5.4,92.7,71.0,8.0,0.6,No,Bachelor,Yes,100
962,14,5.8,98.8,50.6,6.2,2.8,Yes,Bachelor,Yes,100
963,16,1.6,69.1,74.7,7.7,2.1,Yes,Bachelor,Yes,100
964,15,6.6,85.0,76.7,5.1,1.5,No,Bachelor,Yes,100
965,18,5.9,95.0,59.8,5.8,0.9,No,Bachelor,Yes,100
966,18,1.3,61.9,61.0,8.8,4.5,Yes,High School,Yes,84.5
967,18,1.1,73.0,40.4,7.0,3.9,No,Bachelor,No,80.3
968,18,6.2,92.0,48.6,6.0,1.4,No,Bachelor,Yes,100.0
969,14,4.7,58.0,95.6,4.8,4.2,Yes,Bachelor,No,100
970,14,7.3,88.7,54.1,7.0,2.2,Yes,Master,Yes,100
971,17,4.4,89.4,64.8,8.6,4.6,No,High School,Yes,100
972,16,4.1,74.3,46.6,4.7,1.2,No,Bachelor,Yes,90.8
973,16,4.4,75.2,58.2,5.2,3.8,Yes,Master,Yes,97.7
974,14,3.4,82.7,47.5,5.8,3.2,Yes,PhD,Yes,100
975,16,3.9,81.6,61.8,8.7,2.7,Yes,Bachelor,Yes,94.7
976,17,4.3,77.9,88.2,7.1,4.0,No,High School,Yes,100
977,17,4.8,57.5,91.7,5.5,4.4,No,Master,No,100
978,15,3.8,55.9,86.0,7.5,2.2,No,Bachelor,Yes,100
979,17,1.1,68.5,66.6,5.3,3.8,Yes,Master,Yes,87.0
980,15,1.6,79.9,75.5,9.2,4.1,Yes,Master,Yes,95.9
981,15,1.2,91.5,71.6,7.3,2.0,Yes,Master,Yes,99.0
982,14,1.9,68.1,39.6,6.0,4.0,Yes,Master,No,85.5
983,14,7.5,74.6,88.7,7.9,3.5,No,Bachelor,Yes,100
984,17,4.6,77.9,68.1,4.6,1.6,Yes,Master,Yes,100
985,16,1.0,64.2,43.9,8.9,1.7,No,High School,Yes,69.3
986,18,5.2,82.0,38.6,7.3,1.3,Yes,Master,Yes,86.8
987,15,4.9,93.0,76.7,6.3,1.2,No,Bachelor,No,100
988,16,6.8,61.2,43.1,7.4,1.3,Yes,Bachelor,Yes,100
989,18,4.8,94.7,93.8,7.1,2.2,Yes,High School,Yes,100
990,17,1.4,70.9,46.3,5.7,3.1,No,High School,Yes,80.0
991,17,4.8,96.9,86.8,7.6,3.3,No,Bachelor,No,100
992,17,1.2,85.6,69.3,7.3,1.8,No,Bachelor,Yes,88.8
993,17,2.0,75.2,61.2,5.0,3.6,No,High School,Yes,85.6
994,17,3.4,98.3,58.3,8.1,1.9,Yes,Bachelor,Yes,100
995,15,4.8,79.1,74.5,6.2,4.0,No,Bachelor,No,100
996,16,4.0,95.8,96.5,5.8,0.7,Yes,High School,Yes,100
997,14,4.3,74.5,70.5,5.5,3.8,Yes,Master,Yes,100
998,15,3.1,72.4,55.2,7.7,4.3,No,Master,Yes,88.4
999,18,2.8,83.1,66.5,8.7,2.5,Yes,Bachelor,Yes,100
1000,17,1.0,71.7,94.6,5.6,2.0,No,Bachelor,Yes,97.8
